number,caption,meaning,emotion,pose,props,tail,text_color
01,早上好,晨安,明亮活力,坐姿伸长上身，一只前爪高举招呼，另一爪轻放胸前，微笑睁眼,小太阳,一条完整棕色环纹尾，随动作自然弯曲且与身体相连,#F2C454
02,哥哥呢,找哥哥,好奇惦念,侧身探头，一只爪在眼前遮挡做寻找状，另一爪落地，双耳竖起,,一条完整棕色环纹尾，随动作自然弯曲且与身体相连,#81A9DC
03,宝宝到咯,到啦,雀跃,迈一条前腿踏来，轻轻跳起，斜挎小挎包，嘴角笑,小挎包,一条完整棕色环纹尾，随动作自然弯曲且与身体相连,#A6C867
04,胖胖快回来,盼归,着急撒娇,身子前倾，两前爪向前伸，水汪汪眼，嘴巴嘟起,,一条完整棕色环纹尾，随动作自然弯曲且与身体相连,#E58070
05,慢点开车,慢开,关心叮嘱,坐进小玩具车，安全带在胸前，两爪扶圆方向盘，认真绿眼,玩具车、安全带,一条完整棕色环纹尾，随动作自然弯曲且与身体相连,#75BCB7
06,饿饿！,肚饿,饥饿委屈,坐着低肩，两前爪扶空碗，张小嘴期待,空碗,一条完整棕色环纹尾，随动作自然弯曲且与身体相连,#EEA160
07,吃啥呀,问饭,好奇期待,端坐头歪，左爪小勺右爪小叉，肚子圆圆,小勺、小叉,一条完整棕色环纹尾，随动作自然弯曲且与身体相连,#F2C454
08,想吃小蛋糕,馋糕,甜甜期待,趴低鼻子靠近小粉色蛋糕，双爪落在盘边，眼里有光,粉色小蛋糕,一条完整棕色环纹尾，随动作自然弯曲且与身体相连,#EA92AD
09,已买,买好,轻松得意,坐着抱牛皮纸袋，袋里露出食品，单爪拍袋子,牛皮纸袋,一条完整棕色环纹尾，随动作自然弯曲且与身体相连,#A6C867
10,欧了,搞定,俏皮爽快,一爪举起露粉色肉垫，另一爪腰侧，眨眼点头,小星星,一条完整棕色环纹尾，随动作自然弯曲且与身体相连,#75BCB7
11,这个可以,赞同,欣然认可,抱着圆润金色小星星，开心点头，身体微向前,金星,一条完整棕色环纹尾，随动作自然弯曲且与身体相连,#A6C867
12,我木有诶,没有,坦然无奈,双爪摊开露空掌，肩微抬，歪头噘嘴,,一条完整棕色环纹尾，随动作自然弯曲且与身体相连,#81A9DC
13,你说,听你,专注倾听,坐身前倾，头偏一边，一爪贴耳侧，另一爪落地,,一条完整棕色环纹尾，随动作自然弯曲且与身体相连,#75BCB7
14,还在思考中,琢磨,认真思考,侧坐一爪托下巴，眼看上方，一小团空白思考云,空白思考云,一条完整棕色环纹尾，随动作自然弯曲且与身体相连,#AE98D4
15,嘻嘻,偷乐,小得意,低头憋笑，一爪挡嘴，眼笑成弯线，身体缩小,,一条完整棕色环纹尾，随动作自然弯曲且与身体相连,#EA92AD
16,比心,爱你,甜甜爱意,两爪在胸前向内靠近，比出圆润爱心，头微歪,小爱心,一条完整棕色环纹尾，随动作自然弯曲且与身体相连,#EA92AD
17,哼,小哼,傲娇不满,侧身背一点，头转回，前爪交叠，耳侧倾,,一条完整棕色环纹尾，随动作自然弯曲且与身体相连,#AE98D4
18,啊？？,惊问,突然惊讶,双爪贴脸颊，眼睛睁大，嘴圆张，耳朵高立,,一条完整棕色环纹尾，随动作自然弯曲且与身体相连,#81A9DC
19,你认真的？,怀疑,认真质疑,身体前倾，头略低，一眼微眯另一眼大，单爪悬起,,一条完整棕色环纹尾，随动作自然弯曲且与身体相连,#AE98D4
20,你最好是,警告,小小警告,坐得笔直，一爪向前伸指向，眉眼认真，嘴紧闭,,一条完整棕色环纹尾，随动作自然弯曲且与身体相连,#E58070
21,宝服了,服气,无语瘫软,靠在小软垫上，双爪垂下，眼半睁，嘴无奈,软垫,一条完整棕色环纹尾，随动作自然弯曲且与身体相连,#75BCB7
22,火都来了,冒火,生气上头,四爪稳蹲，毛小炸开，脸气鼓鼓，头顶小橙色火苗,小火苗,一条完整棕色环纹尾，随动作自然弯曲且与身体相连,#E58070
23,脑袋空空,放空,茫然,端坐两爪平放，眼神空空，头顶空白小云漂过,小空云,一条完整棕色环纹尾，随动作自然弯曲且与身体相连,#81A9DC
24,宝宝累了,累趴,疲惫,横趴软枕，前爪向前伸，眼半闭，后腿收拢,浅青色小枕头,一条完整棕色环纹尾，随动作自然弯曲且与身体相连,#AE98D4
