编号,中文文案,含义词,情绪,动作,文字填色
01,早上好,早安,喜悦,小猫站在后腿上，两只前爪高举伸懒腰，眼睛半睁轻笑，旁边一颗小金色太阳,#F2C454
02,哥哥呢,找哥哥,惦念,小猫左前爪搭在额头遮光远望，身体侧向右边，右前爪放胸口，蓝眼睛寻找,#81A9DC
03,宝宝到咯,到场,兴奋,小猫正面跃起扑向观看者，两只前爪张开，后腿蜷起，露出粉爪垫，尾巴弯成弧形,#EA92AD
04,胖胖快回来,盼归,急切,小猫扶着一个小窗框，另一前爪朝外招手，脑袋探出窗边，急切眼神，尾巴在窗内清楚可见,#E58070
05,慢点开车,慢行,关心,小猫坐在一辆小薄荷色玩具车内，双前爪搭在方向盘上，头转向观者，神情温柔认真，尾巴在座椅旁,#75BCB7
06,饿饿！,饥饿,委屈,小猫瘫坐着两前爪捂住自己的肚子，耳朵垂下，蓝眼湿润，身旁有空小饭碗,#EEA160
07,吃啥呀,选餐,好奇,小猫在两个小餐盘之间歪头，一爪拿汤匙贴在下巴，另一爪摊开作选择，眼睛看向上方,#A6C867
08,想吃小蛋糕,蛋糕,期待,小猫跪坐着两前爪轻轻托起一个草莓小蛋糕，眼睛闪亮，小嘴轻轻张开，蛋糕清楚可见,#EA92AD
09,已买,买好,满足,小猫一前爪提着牛皮纸购物袋，另一爪按胸口点头，侧身走路，袋上无字无标志,#A6C867
10,欧了,搞定,爽快,小猫坐着一只前爪向上露出粉肉垫，另一前爪放腰侧，轻松眨眼微笑，旁边一颗小金色闪光,#F2C454
11,这个可以,认可,肯定,小猫用两只前爪举着一个圆形薄荷绿勾号牌，蓝眼认真且含笑，身子微微前倾,#75BCB7
12,我木有诶,没有,无奈,小猫两只前爪摊向两侧，肩膀轻轻耸起，眼睛向一侧看，小嘴无奈，单尾环在右边,#81A9DC
13,你说,倾听,认真,小猫身体微侧，一爪贴在耳旁专心听，另一前爪在地上支撑，身体向前倾，蓝眼看观者,#75BCB7
14,还在思考中,思考,犹豫,小猫盘坐在淡紫小软垫上，一爪托下巴，另一爪扶住膝部，眼神看上方，耳朵略向内收,#AE98D4
15,嘻嘻,偷笑,调皮,小猫两只前爪捂住嘴偷偷笑，蓝眼弯弯仍有蓝色虹膜可见，身子微蜷，肩膀抬起,#EA92AD
16,比心,爱你,甜蜜,小猫两前爪在胸前围住一枚柔粉爱心，身体正面坐起，眼神柔软含笑，尾巴向旁边翘起,#EA92AD
17,哼,傲娇,不满,小猫背身坐着回头侧看，双前爪抱在胸前，脸颊鼓起，鼻尖微抬，尾巴朝外甩成一条弧形,#AE98D4
18,啊？？,惊讶,震惊,小猫蹲坐着身体后仰，两只前爪贴脸，眼睛睁圆，嘴巴小圆张开，两耳竖起，尾巴竖起来,#81A9DC
19,你认真的？,质疑,怀疑,小猫趴在低矮小桌上，一爪伸向观者像在确认，另一爪放桌面，蓝眼一边眯起，嘴角稍低,#AE98D4
20,你最好是,警告,怀疑,小猫稳稳坐着，前爪之一向前抬起轻轻指示，另一前爪扶在身侧，眼神眯起严肃，尾巴直立弯钩,#E58070
21,宝服了,佩服,无语,小猫坐得歪歪的，一前爪搭在额头遮住一只眼，另一爪垂在胸前，半闭蓝眼和微微叹气嘴,#75BCB7
22,火都来了,生气,恼火,小猫低身趴伏，两前爪用力按地，蓝眼眉头收紧，毛蓬起来，单尾高翘，身后有两朵小珊瑚橙火苗,#E58070
23,脑袋空空,放空,呆萌,小猫直直地坐着，两只前爪软软垂在身侧，蓝眼略失焦，嘴小小张开，头顶一小片淡蓝空云,#81A9DC
24,宝宝累了,疲惫,疲倦,小猫半躺在一只薰衣草色枕头边，前爪无力地垂在枕头前，后腿自然伸出，蓝眼半闭，尾巴软软放在身边,#AE98D4
