number,caption,meaning,characters,main_png,main_gif,thumbnail
01,早呀,早呀,古德,main_png/01.png,main_gif/01.gif,thumbnail/01.png
02,收到,收到,古德,main_png/02.png,main_gif/02.gif,thumbnail/02.png
03,安排上,安排上,古德,main_png/03.png,main_gif/03.gif,thumbnail/03.png
04,谢谢啦,谢谢啦,古德,main_png/04.png,main_gif/04.gif,thumbnail/04.png
05,没问题,没问题,古德,main_png/05.png,main_gif/05.gif,thumbnail/05.png
06,贴一个,贴一个,古德,main_png/06.png,main_gif/06.gif,thumbnail/06.png
07,想你了,想你了,古德,main_png/07.png,main_gif/07.gif,thumbnail/07.png
08,抱一个,抱一个,古德,main_png/08.png,main_gif/08.gif,thumbnail/08.png
09,笑哈哈,笑哈哈,古德,main_png/09.png,main_gif/09.gif,thumbnail/09.png
10,点赞,点赞,古德,main_png/10.png,main_gif/10.gif,thumbnail/10.png
11,冲呀,冲呀,古德,main_png/11.png,main_gif/11.gif,thumbnail/11.png
12,歇会儿,歇会儿,古德,main_png/12.png,main_gif/12.gif,thumbnail/12.png
13,等会儿,等会儿,古德,main_png/13.png,main_gif/13.gif,thumbnail/13.png
14,在不在,在不在,古德,main_png/14.png,main_gif/14.gif,thumbnail/14.png
15,好家伙,好家伙,古德,main_png/15.png,main_gif/15.gif,thumbnail/15.png
16,让我想想,让我想想,古德,main_png/16.png,main_gif/16.gif,thumbnail/16.png
17,委屈,委屈,古德,main_png/17.png,main_gif/17.gif,thumbnail/17.png
18,生气了,生气了,古德,main_png/18.png,main_gif/18.gif,thumbnail/18.png
19,对不起,对不起,古德,main_png/19.png,main_gif/19.gif,thumbnail/19.png
20,干饭啦,干饭啦,古德,main_png/20.png,main_gif/20.gif,thumbnail/20.png
21,困了,困了,古德,main_png/21.png,main_gif/21.gif,thumbnail/21.png
22,晚安啦,晚安啦,古德,main_png/22.png,main_gif/22.gif,thumbnail/22.png
23,拜拜,拜拜,古德,main_png/23.png,main_gif/23.gif,thumbnail/23.png
24,明天再聊,明天再聊,古德,main_png/24.png,main_gif/24.gif,thumbnail/24.png
