number,user_number,caption,meaning,pose
01,1,坏,调皮,"Seated three-quarter view, cheeky asymmetric closed-mouth grin, one front paw resting at cheek as if plotting a little prank, other forepaw planted; one tail curling sideways."
02,2,嘿嘿嘿,坏笑,"Seated facing front, both front paws clasped together below muzzle, shoulders hunched with a cheeky broad toothless grin, eyes narrowed happily, tiny golden chuckle motion ticks; hind paws visible, one tail."
03,3,看扁我？,不服,"Standing proudly on two hind paws, chest puffed, chin raised, one forepaw on hip and other forepaw pointing to own chest, determined indignant green eyes, tiny upward energy ticks; entire body and one tail."
04,4,被看扁了,委屈,"Comically squashed flat as a harmless soft pancake kitten lying low, ears gently folded sideways, sad wide eyes, tiny cheek tear, forepaws extended and hind paws plausibly tucked behind, one tail lying flat. No injury, no person."
05,5,稍等,等待,"Sitting upright, one forepaw lifted with its soft paw pad toward viewer as a polite wait gesture, other forepaw beside a small blue sand hourglass, patient expression, hind paws and one tail."
06,6,跳舞,起舞,"Joyful dancing on one hind paw, other hind paw bent lifted, both forepaws raised at different heights, head tilted, open happy mouth, tiny ochre and cyan rhythm confetti and motion curves; one tail."
07,7,跳,跳跃,"An athletic kitten springing upward, all four paws clear and off the ground with forepaws reaching upward and hind legs stretched back, joyful alert expression, small upward motion strokes, one tail arcing below. No floor shadow."
08,8,冷,怕冷,"Sitting compactly wrapped in a pale blue knitted scarf with both forepaws holding scarf against chest, ears low, chilly worried expression, two simple icy blue snowflakes beside it; hind paws and one curled tail visible."
09,9,发抖,颤抖,"Entire kitten visibly trembling in a small crouch, forepaws pressed close, hind paws tucked, wide anxious eyes and slightly quivering mouth, several short cyan zigzag tremble marks around body, one tail tight beside body. No scarf; distinct from cold pose."
10,10,热,怕热,"Sitting slumped with hind paws stretched out, tongue slightly out, one forepaw slowly holding a cream paper fan and the other forepaw on belly, tiny orange warm air curls and a sweat drop, one tail relaxed sideways."
11,11,淋雨,落汤猫,"A wet kitten huddling sadly, fur clumped but character identity preserved, ears down, front paws close, hind paws tucked, one drooping tail; a small blue rain cloud above and several clearly separated opaque blue rain drops. No broad background or floor."
12,12,摸摸头,安慰,"Sweet kitten softly patting its own head with one clearly feline front paw, other forepaw planted, eyes happily closed and tiny blush, sitting with both hind paws plausible, one curved tail, two small coral hearts. No human hand and no second animal."
13,13,吐血,扎心,"A melodramatic shocked kitten slumped backward sitting, one forepaw pressed to chest and the other supporting its body, one tiny stylized coral-red drop from corner of mouth and a red zigzag comic reaction symbol. Harmless cartoon reaction, no wounds, no gore, no realistic blood pool; one tail."
14,14,呆住,愣住,"Sitting bolt upright completely frozen, perfectly wide round eyes, small open mouth, both front paws straight and parallel, hind paws tucked, ears perked, tail stiff sideways, two small yellow surprise dashes. No text."
