number,caption,meaning,emotion,pose,text_color
01,早上好,早安,开心,坐直举一只前爪招手，后爪着地，尾巴侧弯，小太阳,#F2C454
02,哥哥呢,寻人,期待,双后爪站立，一前爪横放眉上找人，另一前爪靠胸，尾巴侧弯,#81A9DC
03,宝宝到咯,到啦,雀跃,小跑前冲，一爪举起打招呼，尾巴翘起，背小挎包,#EA92AD
04,胖胖快回来,快回,思念,坐在小窗边两前爪捧脸，扭头望向外，尾巴绕脚,#E58070
05,慢点开车,慢行,关心,坐在小车乘客位扣好安全带，一爪做慢一点手势,#A6C867
06,饿饿！,饿啦,饥饿,抱着空碗坐下，两前爪扶碗，嘴巴微张，尾巴垂侧,#EEA160
07,吃啥呀,饭点,好奇,趴桌前一爪托下巴一爪拿小勺，抬眼想菜单,#EEA160
08,想吃小蛋糕,蛋糕,撒娇,趴着两前爪伸向小蛋糕，亮眼嘴馋，尾巴弯起,#EA92AD
09,已买,买好,满足,坐立两爪抱住小购物袋，满足微笑，尾巴侧弯,#75BCB7
10,欧了,搞定,自信,侧身坐下一爪高举小绿勾牌，一爪叉腰,#A6C867
11,这个可以,认可,肯定,站立一爪指向旁边的小物件，另一爪按胸点头,#A6C867
12,我木有诶,没有,无辜,坐直两爪摊开空掌，眉眼无辜，尾巴低垂,#81A9DC
13,你说,倾听,耐心,身子侧倾一爪靠耳认真听，一爪放膝，尾巴卷脚边,#75BCB7
14,还在思考中,思考,沉思,坐着一爪摸下巴一爪抱胸，眼睛望上，小思考云,#AE98D4
15,嘻嘻,偷笑,顽皮,两后爪坐地两前爪捂嘴，眯眼偷笑，尾尖轻翘,#EA92AD
16,比心,爱你,甜蜜,两前爪在胸前合成小爱心，粉心贴近爪间,#EA92AD
17,哼,小哼,傲娇,背半转脸侧看，双前爪交抱胸，尾巴甩向另一侧,#AE98D4
18,啊？？,震惊,惊讶,后坐身子微后仰，两爪张开，圆眼张嘴，尾巴僵直,#81A9DC
19,你认真的？,质疑,怀疑,趴在桌沿一爪托脸，一边眉挑高，另一爪垂着,#AE98D4
20,你最好是,盯住,警惕,坐立前倾双爪搭膝，眼神斜睨，尾巴紧绕身,#E58070
21,宝服了,服气,无奈,侧躺一前爪扶额，另一前爪无力前伸，双后爪自然弯曲，一条尾巴靠臀侧弯,#75BCB7
22,火都来了,冒火,生气,蹲坐两爪握紧贴身，眉压低，小橙火在旁但不烧猫,#E58070
23,脑袋空空,放空,呆萌,坐着前爪垂下，眼神放空，头顶小空泡，尾巴成松弯,#81A9DC
24,宝宝累了,累啦,疲惫,趴在小软垫上前爪摊平，下巴压垫，眼半闭，尾巴垂侧,#AE98D4
